date,price
2009-10-14,994.63
2009-10-15,982.25
2009-10-16,978.75
2009-10-18,978.38
2009-10-19,"1,001.50"
2009-10-20,986.63
2009-10-21,"1,007.13"
2009-10-22,"1,009.25"
2009-10-23,"1,010.13"
2009-10-25,"1,010.63"
2009-10-26,989.13
2009-10-27,973.63
2009-10-28,971.25
2009-10-29,987.63
2009-10-30,976.13
2009-11-01,975.75
2009-11-02,995.63
2009-11-04,998.38
2009-11-05,972.38
2009-11-06,956.63
2009-11-08,956.75
2009-11-09,970.38
2009-11-10,965.63
2009-11-11,972.88
2009-11-12,990.63
2009-11-13,985.13
2009-11-15,985.13
2009-11-16,"1,008.63"
2009-11-17,"1,031.13"
2009-11-18,"1,029.13"
2009-11-19,"1,045.75"
2009-11-20,"1,044.88"
2009-11-22,"1,045.13"
2009-11-23,"1,038.63"
2009-11-24,"1,046.63"
2009-11-25,"1,048.00"
2009-11-27,"1,053.25"
2009-11-29,"1,053.50"
2009-11-30,"1,057.88"
2009-12-01,"1,058.13"
2009-12-02,"1,033.88"
2009-12-03,"1,048.38"
2009-12-04,"1,045.25"
2009-12-06,"1,045.25"
2009-12-07,"1,054.88"
2009-12-08,"1,043.63"
2009-12-09,"1,027.88"
2009-12-10,"1,029.63"
2009-12-11,"1,034.13"
2009-12-13,"1,034.25"
2009-12-14,"1,057.88"
2009-12-15,"1,054.63"
2009-12-16,"1,060.38"
2009-12-17,"1,028.75"
2009-12-18,"1,019.25"
2009-12-20,"1,019.38"
2009-12-21,"1,007.88"
2009-12-22,997.5
2009-12-23,"1,007.38"
2009-12-24,"1,009.13"
2009-12-25,"1,009.00"
2009-12-28,"1,040.38"
2009-12-29,"1,045.13"
2009-12-30,"1,043.75"
2009-12-31,"1,049.25"
2010-01-01,"1,048.63"
2010-01-04,"1,058.13"
2010-01-05,"1,059.88"
2010-01-06,"1,058.13"
2010-01-07,"1,026.13"
2010-01-08,"1,019.38"
2010-01-11,"1,009.88"
2010-01-12,977.88
2010-01-13,993.13
2010-01-14,981.88
2010-01-15,973.88
2010-01-18,973.38
2010-01-19,963.63
2010-01-20,942.63
2010-01-21,952.88
2010-01-22,949.88
2010-01-25,940.88
2010-01-26,948.38
2010-01-27,931.13
2010-01-28,932.38
2010-01-29,915.25
2010-01-31,915.5
2010-02-01,911.13
2010-02-02,926.63
2010-02-03,909.5
2010-02-04,906
2010-02-05,916.63
2010-02-08,929.5
2010-02-09,924.38
2010-02-10,938.13
2010-02-11,943.13
2010-02-12,945.88
2010-02-16,963.88
2010-02-17,952.63
2010-02-18,944.88
2010-02-19,945.38
2010-02-22,968.38
2010-02-23,960.63
2010-02-24,962.38
2010-02-25,947.75
2010-02-26,962.63
2010-03-01,963.75
2010-03-02,964.13
2010-03-03,964.75
2010-03-04,942.38
2010-03-05,942.63
2010-03-08,949.88
2010-03-09,947.13
2010-03-10,959.13
2010-03-11,930.88
2010-03-12,924.63
2010-03-15,931.38
2010-03-16,944.63
2010-03-17,958.88
2010-03-18,959.38
2010-03-19,961.25
2010-03-22,968.88
2010-03-23,966.38
2010-03-24,959.38
2010-03-25,942.13
2010-03-26,954.63
2010-03-29,969.13
2010-03-30,974.13
2010-03-31,940.38
2010-04-01,941.63
2010-04-05,934.38
2010-04-06,944.63
2010-04-07,952.38
2010-04-08,946.88
2010-04-09,952.88
2010-04-12,959.88
2010-04-13,968.38
2010-04-14,967.88
2010-04-15,985.25
2010-04-16,981
2010-04-18,994.5
2010-04-19,991.63
2010-04-20,996.88
2010-04-21,"1,005.88"
2010-04-22,"1,013.00"
2010-04-23,"1,008.75"
2010-04-25,"1,015.13"
2010-04-26,"1,007.38"
2010-04-27,991.25
2010-04-28,994.63
2010-04-29,998
2010-04-30,999.75
2010-05-03,985.63
2010-05-04,987.38
2010-05-05,978.63
2010-05-06,952.25
2010-05-07,961.13
2010-05-09,959.25
2010-05-10,961.88
2010-05-11,965.13
2010-05-12,964.5
2010-05-13,964.38
2010-05-14,952.63
2010-05-16,954.88
2010-05-17,944.38
2010-05-18,936.63
2010-05-19,944.75
2010-05-20,943.5
2010-05-21,940.88
2010-05-23,942.38
2010-05-24,940.5
2010-05-25,935.63
2010-05-26,943.88
2010-05-27,954.38
2010-05-28,942.63
2010-05-31,940.88
2010-06-01,931.88
2010-06-02,935.75
2010-06-03,956.25
2010-06-04,934.88
2010-06-06,931.88
2010-06-07,932.88
2010-06-08,928.5
2010-06-09,945.63
2010-06-10,935.13
2010-06-11,945.38
2010-06-13,948.38
2010-06-14,950.63
2010-06-15,952.13
2010-06-16,957.38
2010-06-17,945.25
2010-06-18,950.38
2010-06-21,955.63
2010-06-22,957.38
2010-06-23,945.13
2010-06-24,940
2010-06-25,942.5
2010-06-28,946.38
2010-06-29,933
2010-06-30,934.38
2010-07-01,935.88
2010-07-02,945.25
2010-07-04,945.63
2010-07-05,941.63
2010-07-06,942.88
2010-07-07,969.75
2010-07-08,981.38
2010-07-09,995.88
2010-07-11,995.25
2010-07-12,997.75
2010-07-13,997.25
2010-07-14,994.5
2010-07-15,"1,017.88"
2010-07-16,998.63
2010-07-18,995
2010-07-19,983.5
2010-07-20,988.25
2010-07-21,989.5
2010-07-22,989.63
2010-07-23,993.13
2010-07-25,993.25
2010-07-26,974.88
2010-07-27,974.13
2010-07-30,"1,013.88"
2010-08-01,"1,015.88"
2010-08-02,"1,014.88"
2010-08-03,"1,021.75"
2010-08-04,"1,030.75"
2010-08-05,"1,031.38"
2010-08-06,"1,040.25"
2010-08-08,"1,040.50"
2010-08-09,"1,032.88"
2010-08-10,"1,023.50"
2010-08-11,"1,017.88"
2010-08-12,"1,030.00"
2010-08-13,"1,043.88"
2010-08-15,"1,041.38"
2010-08-16,"1,033.50"
2010-08-17,"1,045.63"
2010-08-18,"1,036.63"
2010-08-19,"1,012.13"
2010-08-20,"1,004.38"
2010-08-22,"1,007.88"
2010-08-23,"1,004.88"
2010-08-24,"1,000.88"
2010-08-25,"1,002.88"
2010-08-26,"1,015.38"
2010-08-27,"1,027.13"
2010-08-29,"1,030.63"
2010-08-30,"1,014.13"
2010-08-31,"1,010.63"
2010-09-01,"1,004.63"
2010-09-02,"1,011.63"
2010-09-03,"1,035.38"
2010-09-05,"1,035.75"
2010-09-06,"1,034.38"
2010-09-07,"1,051.00"
2010-09-08,"1,051.50"
2010-09-09,"1,043.00"
2010-09-10,"1,032.88"
2010-09-12,"1,027.75"
2010-09-13,"1,032.38"
2010-09-14,"1,035.00"
2010-09-15,"1,044.88"
2010-09-16,"1,039.88"
2010-09-17,"1,069.88"
2010-09-19,"1,081.38"
2010-09-20,"1,083.75"
2010-09-21,"1,084.63"
2010-09-22,"1,090.38"
2010-09-23,"1,091.13"
2010-09-24,"1,123.75"
2010-09-26,"1,142.63"
2010-09-27,"1,126.13"
2010-09-28,"1,107.50"
2010-09-29,"1,098.63"
2010-09-30,"1,102.63"
2010-10-01,"1,055.38"
2010-10-03,"1,051.50"
2010-10-04,"1,052.13"
2010-10-05,"1,072.88"
2010-10-06,"1,062.13"
2010-10-07,"1,064.38"
2010-10-08,"1,135.50"
2010-10-10,"1,172.75"
2010-10-11,"1,165.13"
2010-10-12,"1,176.75"
2010-10-13,"1,180.00"
2010-10-14,"1,207.63"
2010-10-15,"1,194.50"
2010-10-17,"1,194.00"
2010-10-18,"1,196.13"
2010-10-19,"1,188.00"
2010-10-20,"1,230.13"
2010-10-21,"1,217.50"
2010-10-22,"1,210.88"
2010-10-24,"1,218.75"
2010-10-25,"1,229.63"
2010-10-26,"1,238.63"
2010-10-27,"1,234.25"
2010-10-28,"1,236.25"
2010-10-29,"1,232.50"
2010-10-31,"1,241.63"
2010-11-01,"1,239.38"
2010-11-02,"1,234.25"
2010-11-03,"1,239.13"
2010-11-04,"1,279.38"
2010-11-05,"1,282.88"
2010-11-08,"1,274.25"
2010-11-09,"1,327.13"
2010-11-10,"1,319.38"
2010-11-11,"1,339.63"
2010-11-12,"1,269.13"
2010-11-15,"1,288.25"
2010-11-16,"1,220.63"
2010-11-17,"1,204.75"
2010-11-18,"1,242.63"
2010-11-19,"1,201.13"
2010-11-22,"1,221.13"
2010-11-23,"1,238.13"
2010-11-24,"1,254.38"
2010-11-26,"1,239.38"
2010-11-29,"1,235.88"
2010-11-30,"1,245.88"
2010-12-01,"1,281.88"
2010-12-02,"1,278.63"
2010-12-03,"1,300.88"
2010-12-06,"1,286.25"
2010-12-07,"1,286.25"
2010-12-08,"1,293.63"
2010-12-09,"1,280.63"
2010-12-10,"1,272.63"
2010-12-12,"1,272.38"
2010-12-13,"1,300.38"
2010-12-14,"1,294.50"
2010-12-15,"1,306.63"
2010-12-16,"1,301.13"
2010-12-17,"1,309.13"
2010-12-20,"1,327.38"
2010-12-21,"1,337.13"
2010-12-22,"1,339.13"
2010-12-23,"1,360.63"
2010-12-24,"1,361.50"
2010-12-27,"1,384.50"
2010-12-28,"1,385.88"
2010-12-29,"1,376.88"
2010-12-30,"1,379.88"
2010-12-31,"1,403.88"
2011-01-03,"1,380.38"
2011-01-04,"1,371.63"
2011-01-05,"1,391.38"
2011-01-06,"1,376.38"
2011-01-07,"1,363.88"
2011-01-10,"1,381.38"
2011-01-11,"1,358.38"
2011-01-12,"1,417.13"
2011-01-13,"1,421.13"
2011-01-14,"1,423.88"
2011-01-17,"1,423.00"
2011-01-18,"1,415.13"
2011-01-19,"1,415.13"
2011-01-20,"1,413.13"
2011-01-21,"1,411.13"
2011-01-23,"1,412.63"
2011-01-24,"1,403.13"
2011-01-25,"1,372.88"
2011-01-26,"1,385.88"
2011-01-27,"1,399.88"
2011-01-28,"1,399.88"
2011-01-31,"1,410.88"
2011-02-01,"1,440.25"
2011-02-02,"1,444.88"
2011-02-03,"1,434.13"
2011-02-04,"1,433.88"
2011-02-07,"1,423.63"
2011-02-08,"1,435.38"
2011-02-09,"1,451.25"
2011-02-10,"1,430.38"
2011-02-11,"1,414.88"
2011-02-14,"1,404.88"
2011-02-15,"1,368.63"
2011-02-16,"1,365.13"
2011-02-17,"1,416.75"
2011-02-18,"1,376.00"
2011-02-22,"1,310.88"
2011-02-23,"1,333.13"
2011-02-24,"1,328.63"
2011-02-25,"1,372.38"
2011-02-28,"1,365.88"
2011-03-01,"1,373.38"
2011-03-02,"1,393.13"
2011-03-03,"1,409.00"
2011-03-04,"1,414.63"
2011-03-07,"1,394.38"
2011-03-08,"1,381.38"
2011-03-09,"1,349.13"
2011-03-10,"1,353.38"
2011-03-11,"1,335.38"
2011-03-13,"1,329.25"
2011-03-14,"1,340.75"
2011-03-15,"1,280.13"
2011-03-16,"1,293.63"
2011-03-17,"1,338.50"
2011-03-18,"1,362.50"
2011-03-20,"1,371.25"
2011-03-21,"1,359.75"
2011-03-22,"1,363.63"
2011-03-23,"1,348.88"
2011-03-24,"1,359.25"
2011-03-25,"1,358.50"
2011-03-27,"1,359.38"
2011-03-28,"1,343.38"
2011-03-29,"1,363.63"
2011-03-30,"1,374.00"
2011-03-31,"1,416.63"
2011-04-01,"1,393.88"
2011-04-03,"1,399.50"
2011-04-04,"1,385.38"
2011-04-05,"1,375.38"
2011-04-06,"1,377.25"
2011-04-07,"1,365.13"
2011-04-08,"1,391.63"
2011-04-10,"1,405.25"
2011-04-11,"1,362.75"
2011-04-12,"1,330.38"
2011-04-13,"1,332.88"
2011-04-14,"1,334.25"
2011-04-15,"1,331.88"
2011-04-17,"1,338.00"
2011-04-18,"1,357.13"
2011-04-19,"1,354.25"
2011-04-20,"1,372.38"
2011-04-21,"1,389.63"
2011-04-22,"1,390.13"
2011-04-24,"1,396.75"
2011-04-25,"1,396.13"
2011-04-26,"1,389.13"
2011-04-27,"1,390.63"
2011-04-28,"1,348.75"
2011-04-29,"1,394.88"
2011-05-01,"1,388.00"
2011-05-02,"1,392.25"
2011-05-03,"1,363.13"
2011-05-04,"1,348.88"
2011-05-05,"1,323.63"
2011-05-06,"1,327.75"
2011-05-08,"1,331.25"
2011-05-09,"1,333.13"
2011-05-10,"1,340.75"
2011-05-11,"1,333.38"
2011-05-12,"1,344.38"
2011-05-13,"1,331.13"
2011-05-15,"1,335.00"
2011-05-16,"1,323.25"
2011-05-17,"1,342.63"
2011-05-18,"1,375.88"
2011-05-19,"1,377.75"
2011-05-20,"1,378.88"
2011-05-22,"1,389.63"
2011-05-23,"1,373.38"
2011-05-24,"1,376.88"
2011-05-25,"1,379.50"
2011-05-26,"1,390.63"
2011-05-27,"1,378.63"
2011-05-30,"1,379.13"
2011-05-31,"1,382.38"
2011-06-01,"1,385.13"
2011-06-02,"1,406.00"
2011-06-03,"1,413.88"
2011-06-05,"1,413.63"
2011-06-06,"1,384.13"
2011-06-07,"1,396.38"
2011-06-08,"1,403.00"
2011-06-09,"1,396.38"
2011-06-10,"1,383.13"
2011-06-12,"1,385.38"
2011-06-13,"1,382.00"
2011-06-14,"1,368.75"
2011-06-15,"1,370.75"
2011-06-16,"1,351.25"
2011-06-17,"1,331.75"
2011-06-19,"1,334.25"
2011-06-20,"1,339.63"
2011-06-21,"1,350.75"
2011-06-22,"1,329.38"
2011-06-23,"1,318.88"
2011-06-24,"1,318.38"
2011-06-26,"1,312.00"
2011-06-27,"1,325.75"
2011-06-28,"1,331.38"
2011-06-29,"1,326.88"
2011-06-30,"1,303.75"
2011-07-01,"1,315.13"
2011-07-04,"1,318.63"
2011-07-05,"1,321.50"
2011-07-06,"1,322.88"
2011-07-07,"1,341.88"
2011-07-08,"1,346.00"
2011-07-10,"1,352.38"
2011-07-11,"1,347.25"
2011-07-12,"1,354.25"
2011-07-13,"1,376.50"
2011-07-14,"1,379.88"
2011-07-15,"1,386.63"
2011-07-17,"1,379.50"
2011-07-18,"1,387.00"
2011-07-19,"1,386.50"
2011-07-20,"1,373.38"
2011-07-21,"1,380.13"
2011-07-22,"1,377.88"
2011-07-24,"1,372.50"
2011-07-25,"1,364.63"
2011-07-26,"1,382.38"
2011-07-27,"1,368.88"
2011-07-28,"1,361.38"
2011-07-29,"1,346.25"
2011-07-31,"1,352.75"
2011-08-01,"1,358.63"
2011-08-02,"1,368.50"
2011-08-03,"1,360.63"
2011-08-04,"1,331.75"
2011-08-05,"1,325.63"
2011-08-07,"1,318.88"
2011-08-08,"1,298.13"
2011-08-09,"1,306.38"
2011-08-10,"1,294.50"
2011-08-11,"1,333.38"
2011-08-12,"1,326.75"
2011-08-14,"1,334.75"
2011-08-15,"1,342.50"
2011-08-16,"1,342.63"
2011-08-17,"1,358.50"
2011-08-18,"1,350.25"
2011-08-19,"1,358.25"
2011-08-21,"1,365.75"
2011-08-22,"1,380.13"
2011-08-23,"1,389.25"
2011-08-24,"1,383.13"
2011-08-25,"1,384.25"
2011-08-26,"1,416.13"
2011-08-28,"1,422.50"
2011-08-29,"1,445.13"
2011-08-30,"1,449.88"
2011-08-31,"1,455.13"
2011-09-01,"1,438.63"
2011-09-02,"1,446.38"
2011-09-05,"1,428.63"
2011-09-06,"1,423.75"
2011-09-07,"1,420.38"
2011-09-08,"1,416.63"
2011-09-09,"1,425.63"
2011-09-11,"1,428.88"
2011-09-12,"1,400.75"
2011-09-13,"1,392.50"
2011-09-14,"1,385.50"
2011-09-15,"1,359.88"
2011-09-16,"1,357.38"
2011-09-18,"1,354.50"
2011-09-19,"1,343.38"
2011-09-20,"1,335.75"
2011-09-21,"1,315.88"
2011-09-22,"1,284.38"
2011-09-23,"1,258.13"
2011-09-25,"1,261.38"
2011-09-26,"1,261.75"
2011-09-27,"1,255.63"
2011-09-28,"1,214.13"
2011-09-29,"1,231.38"
2011-09-30,"1,175.13"
2011-10-02,"1,175.38"
2011-10-03,"1,170.88"
2011-10-04,"1,166.50"
2011-10-05,"1,164.63"
2011-10-06,"1,159.25"
2011-10-07,"1,160.88"
2011-10-09,"1,165.88"
2011-10-10,"1,183.38"
2011-10-11,"1,233.00"
2011-10-12,"1,237.63"
2011-10-13,"1,259.38"
2011-10-14,"1,269.38"
2011-10-16,"1,263.88"
2011-10-17,"1,246.63"
2011-10-18,"1,250.75"
2011-10-19,"1,215.63"
2011-10-20,"1,223.75"
2011-10-21,"1,212.38"
2011-10-23,"1,221.88"
2011-10-24,"1,239.13"
2011-10-25,"1,230.75"
2011-10-26,"1,224.63"
2011-10-27,"1,245.88"
2011-10-28,"1,226.13"
2011-10-30,"1,227.38"
2011-10-31,"1,214.00"
2011-11-01,"1,198.63"
2011-11-02,"1,204.00"
2011-11-03,"1,226.13"
2011-11-04,"1,220.38"
2011-11-07,"1,202.50"
2011-11-08,"1,205.50"
2011-11-09,"1,186.13"
2011-11-10,"1,169.50"
2011-11-11,"1,176.13"
2011-11-14,"1,179.25"
2011-11-15,"1,199.63"
2011-11-16,"1,188.13"
2011-11-17,"1,169.63"
2011-11-18,"1,171.38"
2011-11-21,"1,145.63"
2011-11-22,"1,151.88"
2011-11-23,"1,123.13"
2011-11-25,"1,108.88"
2011-11-28,"1,123.38"
2011-11-29,"1,125.63"
2011-11-30,"1,133.38"
2011-12-01,"1,128.25"
2011-12-02,"1,136.38"
2011-12-05,"1,126.00"
2011-12-06,"1,128.38"
2011-12-07,"1,131.75"
2011-12-08,"1,132.13"
2011-12-09,"1,106.38"
2011-12-11,"1,105.63"
2011-12-12,"1,111.75"
2011-12-13,"1,118.13"
2011-12-14,"1,103.88"
2011-12-15,"1,113.88"
2011-12-16,"1,130.38"
2011-12-19,"1,139.13"
2011-12-20,"1,144.63"
2011-12-21,"1,153.13"
2011-12-22,"1,160.88"
2011-12-23,"1,163.38"
2011-12-25,"1,172.38"
2011-12-26,"1,172.38"
2011-12-27,"1,206.50"
2011-12-28,"1,208.63"
2011-12-29,"1,197.63"
2011-12-30,"1,211.88"
2012-01-02,"1,211.88"
2012-01-03,"1,227.25"
2012-01-04,"1,231.63"
2012-01-05,"1,208.88"
2012-01-06,"1,193.88"
2012-01-09,"1,232.63"
2012-01-10,"1,231.88"
2012-01-11,"1,200.88"
2012-01-12,"1,183.00"
2012-01-13,"1,157.63"
2012-01-17,"1,184.63"
2012-01-18,"1,181.50"
2012-01-19,"1,195.88"
2012-01-20,"1,185.25"
2012-01-23,"1,214.13"
2012-01-24,"1,219.63"
2012-01-25,"1,212.88"
2012-01-26,"1,222.13"
2012-01-27,"1,218.13"
2012-01-30,"1,185.13"
2012-01-31,"1,200.38"
2012-02-01,"1,217.00"
2012-02-02,"1,216.88"
2012-02-03,"1,232.88"
2012-02-06,"1,234.25"
2012-02-07,"1,232.13"
2012-02-08,"1,230.63"
2012-02-09,"1,228.25"
2012-02-10,"1,228.88"
2012-02-13,"1,253.63"
2012-02-14,"1,254.63"
2012-02-15,"1,262.63"
2012-02-16,"1,258.63"
2012-02-17,"1,266.63"
2012-02-21,"1,269.50"
2012-02-22,"1,270.88"
2012-02-23,"1,276.88"
2012-02-24,"1,280.25"
2012-02-27,"1,301.88"
2012-02-28,"1,313.13"
2012-02-29,"1,319.13"
2012-03-01,"1,322.13"
2012-03-02,"1,331.88"
2012-03-05,"1,324.38"
2012-03-06,"1,335.63"
2012-03-07,"1,327.13"
2012-03-08,"1,337.38"
2012-03-09,"1,337.63"
2012-03-11,"1,333.88"
2012-03-12,"1,333.50"
2012-03-13,"1,353.00"
2012-03-14,"1,356.63"
2012-03-15,"1,367.63"
2012-03-16,"1,375.50"
2012-03-18,"1,377.13"
2012-03-19,"1,367.50"
2012-03-20,"1,346.38"
2012-03-21,"1,355.63"
2012-03-22,"1,351.88"
2012-03-23,"1,366.63"
2012-03-25,"1,364.63"
2012-03-26,"1,380.88"
2012-03-27,"1,371.88"
2012-03-28,"1,372.13"
2012-03-29,"1,359.38"
2012-03-30,"1,401.88"
2012-04-01,"1,411.38"
2012-04-02,"1,422.63"
2012-04-03,"1,418.13"
2012-04-04,"1,422.88"
2012-04-05,"1,431.38"
2012-04-08,"1,441.88"
2012-04-09,"1,430.38"
2012-04-10,"1,426.75"
2012-04-11,"1,422.25"
2012-04-12,"1,444.00"
2012-04-13,"1,436.88"
2012-04-15,"1,434.25"
2012-04-16,"1,419.25"
2012-04-17,"1,428.63"
2012-04-18,"1,411.38"
2012-04-19,"1,419.50"
2012-04-20,"1,453.88"
2012-04-22,"1,455.00"
2012-04-23,"1,439.38"
2012-04-24,"1,470.63"
2012-04-25,"1,472.25"
2012-04-26,"1,485.88"
2012-04-27,"1,492.63"
2012-04-29,"1,492.50"
2012-04-30,"1,500.88"
2012-05-01,"1,500.50"
2012-05-02,"1,482.38"
2012-05-03,"1,477.13"
2012-05-04,"1,477.88"
2012-05-06,"1,475.25"
2012-05-07,"1,467.50"
2012-05-08,"1,440.25"
2012-05-09,"1,432.50"
2012-05-10,"1,459.13"
2012-05-11,"1,403.13"
2012-05-13,"1,394.38"
2012-05-14,"1,385.13"
2012-05-15,"1,414.75"
2012-05-16,"1,422.63"
2012-05-17,"1,432.88"
2012-05-18,"1,408.38"
2012-05-20,"1,412.88"
2012-05-21,"1,408.50"
2012-05-22,"1,379.63"
2012-05-23,"1,374.00"
2012-05-24,"1,379.50"
2012-05-25,"1,381.75"
2012-05-29,"1,390.38"
2012-05-30,"1,375.13"
2012-05-31,"1,344.25"
2012-06-01,"1,339.88"
2012-06-03,"1,349.63"
2012-06-04,"1,346.13"
2012-06-05,"1,356.75"
2012-06-06,"1,388.25"
2012-06-07,"1,426.38"
2012-06-08,"1,428.38"
2012-06-10,"1,425.75"
2012-06-11,"1,424.13"
2012-06-12,"1,434.50"
2012-06-13,"1,407.63"
2012-06-14,"1,390.88"
2012-06-15,"1,376.13"
2012-06-17,"1,383.38"
2012-06-18,"1,396.88"
2012-06-19,"1,436.00"
2012-06-20,"1,437.88"
2012-06-21,"1,442.63"
2012-06-22,"1,442.13"
2012-06-24,"1,453.75"
2012-06-25,"1,470.00"
2012-06-26,"1,457.63"
2012-06-27,"1,458.88"
2012-06-28,"1,451.75"
2012-06-29,"1,480.88"
2012-07-01,"1,507.25"
2012-07-02,"1,503.00"
2012-07-03,"1,525.75"
2012-07-05,"1,576.00"
2012-07-06,"1,570.00"
2012-07-08,"1,590.50"
2012-07-09,"1,594.88"
2012-07-10,"1,597.13"
2012-07-11,"1,578.38"
2012-07-12,"1,576.00"
2012-07-13,"1,596.13"
2012-07-15,"1,617.50"
2012-07-16,"1,644.75"
2012-07-17,"1,639.13"
2012-07-18,"1,682.87"
2012-07-19,"1,738.00"
2012-07-20,"1,758.38"
2012-07-22,"1,739.50"
2012-07-23,"1,666.50"
2012-07-24,"1,623.00"
2012-07-25,"1,677.13"
2012-07-26,"1,645.25"
2012-07-27,"1,683.25"
2012-07-29,"1,661.50"
2012-07-30,"1,669.75"
2012-07-31,"1,673.75"
2012-08-01,"1,631.00"
2012-08-02,"1,614.38"
2012-08-03,"1,635.63"
2012-08-05,"1,604.13"
2012-08-06,"1,598.63"
2012-08-07,"1,582.50"
2012-08-08,"1,597.63"
2012-08-09,"1,653.75"
2012-08-10,"1,673.63"
2012-08-12,"1,667.25"
2012-08-13,"1,629.88"
2012-08-14,"1,626.38"
2012-08-15,"1,665.00"
2012-08-16,"1,652.88"
2012-08-17,"1,671.50"
2012-08-19,"1,674.38"
2012-08-20,"1,708.00"
2012-08-21,"1,751.50"
2012-08-22,"1,754.63"
2012-08-23,"1,727.25"
2012-08-24,"1,737.88"
2012-08-26,"1,753.88"
2012-08-27,"1,716.63"
2012-08-28,"1,718.63"
2012-08-29,"1,750.00"
2012-08-30,"1,761.63"
2012-08-31,"1,754.37"
2012-09-04,"1,764.75"
2012-09-05,"1,732.88"
2012-09-06,"1,743.87"
2012-09-07,"1,733.25"
2012-09-09,"1,727.25"
2012-09-10,"1,720.62"
2012-09-11,"1,699.75"
2012-09-12,"1,746.00"
2012-09-13,"1,745.38"
2012-09-14,"1,738.25"
2012-09-16,"1,729.25"
2012-09-17,"1,661.38"
2012-09-18,"1,649.25"
2012-09-19,"1,682.63"
2012-09-20,"1,624.88"
2012-09-21,"1,624.38"
2012-09-23,"1,615.50"
2012-09-24,"1,607.63"
2012-09-25,"1,611.63"
2012-09-26,"1,578.00"
2012-09-27,"1,576.25"
2012-09-28,"1,598.38"
2012-09-30,"1,591.88"
2012-10-01,"1,555.25"
2012-10-02,"1,524.38"
2012-10-03,"1,534.88"
2012-10-04,"1,555.75"
2012-10-05,"1,552.25"
2012-10-07,"1,552.63"
2012-10-08,"1,549.13"
2012-10-09,"1,542.00"
2012-10-10,"1,524.38"
2012-10-11,"1,553.00"
2012-10-12,"1,522.38"
2012-10-14,"1,505.00"
2012-10-15,"1,502.13"
2012-10-16,"1,491.38"
2012-10-17,"1,511.25"
2012-10-18,"1,545.25"
2012-10-19,"1,533.25"
2012-10-21,"1,533.38"
2012-10-22,"1,547.88"
2012-10-23,"1,551.25"
2012-10-24,"1,567.88"
2012-10-25,"1,559.25"
2012-10-26,"1,560.63"
2012-10-28,"1,557.00"
2012-10-29,"1,530.75"
2012-10-30,"1,537.25"
2012-10-31,"1,550.88"
2012-11-01,"1,559.38"
2012-11-02,"1,526.00"
2012-11-04,"1,518.88"
2012-11-05,"1,509.63"
2012-11-06,"1,517.63"
2012-11-07,"1,505.25"
2012-11-08,"1,495.50"
2012-11-09,"1,451.38"
2012-11-11,"1,439.25"
2012-11-12,"1,409.25"
2012-11-13,"1,414.13"
2012-11-14,"1,422.25"
2012-11-15,"1,401.50"
2012-11-16,"1,383.63"
2012-11-18,"1,391.50"
2012-11-19,"1,398.38"
2012-11-20,"1,410.75"
2012-11-21,"1,407.13"
2012-11-23,"1,416.63"
2012-11-25,"1,421.25"
2012-11-26,"1,427.88"
2012-11-27,"1,450.63"
2012-11-28,"1,447.13"
2012-11-29,"1,450.88"
2012-11-30,"1,440.63"
2012-12-02,"1,440.63"
2012-12-03,"1,457.25"
2012-12-04,"1,462.88"
2012-12-05,"1,486.88"
2012-12-06,"1,487.25"
2012-12-07,"1,472.38"
2012-12-09,"1,468.25"
2012-12-10,"1,473.50"
2012-12-11,"1,472.13"
2012-12-12,"1,473.13"
2012-12-13,"1,478.50"
2012-12-14,"1,495.38"
2012-12-16,"1,503.00"
2012-12-17,"1,496.50"
2012-12-18,"1,470.88"
2012-12-19,"1,438.75"
2012-12-20,"1,414.00"
2012-12-21,"1,429.88"
2012-12-23,"1,436.63"
2012-12-24,"1,435.88"
2012-12-26,"1,420.38"
2012-12-27,"1,418.25"
2012-12-28,"1,416.38"
2012-12-30,"1,417.50"
2012-12-31,"1,408.50"
2013-01-02,"1,393.13"
2013-01-03,"1,391.25"
2013-01-04,"1,365.75"
2013-01-06,"1,363.25"
2013-01-07,"1,390.63"
2013-01-08,"1,384.38"
2013-01-09,"1,387.25"
2013-01-10,"1,376.50"
2013-01-11,"1,375.88"
2013-01-13,"1,386.25"
2013-01-14,"1,417.88"
2013-01-15,"1,415.88"
2013-01-16,"1,438.88"
2013-01-17,"1,436.88"
2013-01-18,"1,428.38"
2013-01-20,"1,428.38"
2013-01-22,"1,448.63"
2013-01-23,"1,431.38"
2013-01-24,"1,439.00"
2013-01-25,"1,440.63"
2013-01-27,"1,451.13"
2013-01-28,"1,445.38"
2013-01-29,"1,450.13"
2013-01-30,"1,478.00"
2013-01-31,"1,470.63"
2013-02-01,"1,476.13"
2013-02-03,"1,481.38"
2013-02-04,"1,489.13"
2013-02-05,"1,493.00"
2013-02-06,"1,486.00"
2013-02-07,"1,486.13"
2013-02-08,"1,453.38"
2013-02-10,"1,440.88"
2013-02-11,"1,433.50"
2013-02-12,"1,426.00"
2013-02-13,"1,425.88"
2013-02-14,"1,421.00"
2013-02-15,"1,425.50"
2013-02-19,"1,471.13"
2013-02-20,"1,479.25"
2013-02-21,"1,490.13"
2013-02-22,"1,459.88"
2013-02-24,"1,444.88"
2013-02-25,"1,434.75"
2013-02-26,"1,435.88"
2013-02-27,"1,439.38"
2013-02-28,"1,448.75"
2013-03-01,"1,444.50"
2013-03-03,"1,444.13"
2013-03-04,"1,462.88"
2013-03-05,"1,466.38"
2013-03-06,"1,462.75"
2013-03-07,"1,472.13"
2013-03-08,"1,472.63"
2013-03-10,"1,477.38"
2013-03-11,"1,478.38"
2013-03-12,"1,468.38"
2013-03-13,"1,448.25"
2013-03-14,"1,436.63"
2013-03-15,"1,426.38"
2013-03-17,"1,415.25"
2013-03-18,"1,410.25"
2013-03-19,"1,411.38"
2013-03-20,"1,423.25"
2013-03-21,"1,447.38"
2013-03-22,"1,439.63"
2013-03-24,"1,441.88"
2013-03-25,"1,437.38"
2013-03-26,"1,446.50"
2013-03-27,"1,453.50"
2013-03-28,"1,404.38"
2013-03-31,"1,406.88"
2013-04-01,"1,393.75"
2013-04-02,"1,392.50"
2013-04-03,"1,381.75"
2013-04-04,"1,368.25"
2013-04-05,"1,362.25"
2013-04-08,"1,377.38"
2013-04-09,"1,395.75"
2013-04-10,"1,393.13"
2013-04-11,"1,401.75"
2013-04-12,"1,413.25"
2013-04-15,"1,395.88"
2013-04-16,"1,412.38"
2013-04-17,"1,421.13"
2013-04-18,"1,431.75"
2013-04-19,"1,427.38"
2013-04-22,"1,418.00"
2013-04-23,"1,419.13"
2013-04-24,"1,404.38"
2013-04-25,"1,424.00"
2013-04-26,"1,431.00"
2013-04-29,"1,408.63"
2013-04-30,"1,396.50"
2013-05-01,"1,372.63"
2013-05-02,"1,373.88"
2013-05-03,"1,387.38"
2013-05-06,"1,368.25"
2013-05-07,"1,382.50"
2013-05-08,"1,391.38"
2013-05-09,"1,409.38"
2013-05-10,"1,398.63"
2013-05-13,"1,419.50"
2013-05-14,"1,416.38"
2013-05-15,"1,413.88"
2013-05-16,"1,429.13"
2013-05-17,"1,448.50"
2013-05-20,"1,465.13"
2013-05-21,"1,478.75"
2013-05-22,"1,494.38"
2013-05-23,"1,493.75"
2013-05-24,"1,475.25"
2013-05-28,"1,508.38"
2013-05-29,"1,502.50"
2013-05-30,"1,495.13"
2013-05-31,"1,510.13"
2013-06-03,"1,532.75"
2013-06-04,"1,529.75"
2013-06-05,"1,531.63"
2013-06-06,"1,529.13"
2013-06-07,"1,525.75"
2013-06-10,"1,514.13"
2013-06-11,"1,542.13"
2013-06-12,"1,539.88"
2013-06-13,"1,509.50"
2013-06-14,"1,516.63"
2013-06-17,"1,512.50"
2013-06-18,"1,512.63"
2013-06-19,"1,519.38"
2013-06-20,"1,499.50"
2013-06-21,"1,491.50"
2013-06-24,"1,422.00"
2013-06-25,"1,428.88"
2013-06-26,"1,426.25"
2013-06-27,"1,431.63"
2013-06-28,"1,429.38"
2013-07-01,"1,435.25"
2013-07-02,"1,434.50"
2013-07-03,"1,441.63"
2013-07-04,"1,441.63"
2013-07-05,"1,432.13"
2013-07-08,"1,455.88"
2013-07-09,"1,467.00"
2013-07-10,"1,465.88"
2013-07-11,"1,474.13"
2013-07-12,"1,428.13"
2013-07-15,"1,453.00"
2013-07-16,"1,474.88"
2013-07-17,"1,478.88"
2013-07-18,"1,472.00"
2013-07-19,"1,489.88"
2013-07-22,"1,520.63"
2013-07-23,"1,461.63"
2013-07-24,"1,392.38"
2013-07-25,"1,353.63"
2013-07-26,"1,350.00"
2013-07-29,"1,272.25"
2013-07-30,"1,247.88"
2013-07-31,"1,247.25"
2013-08-01,"1,235.25"
2013-08-02,"1,211.88"
2013-08-05,"1,208.63"
2013-08-06,"1,194.13"
2013-08-07,"1,199.25"
2013-08-08,"1,228.25"
2013-08-09,"1,219.63"
2013-08-12,"1,256.50"
2013-08-13,"1,257.88"
2013-08-14,"1,268.63"
2013-08-15,"1,289.00"
2013-08-16,"1,283.25"
2013-08-19,"1,322.13"
2013-08-20,"1,309.25"
2013-08-21,"1,330.63"
2013-08-22,"1,323.75"
2013-08-23,"1,362.88"
2013-08-26,"1,389.63"
2013-08-27,"1,373.13"
2013-08-28,"1,374.38"
2013-08-29,"1,369.13"
2013-08-30,"1,356.38"
2013-09-03,"1,385.88"
2013-09-04,"1,352.50"
2013-09-05,"1,367.75"
2013-09-06,"1,369.63"
2013-09-09,"1,355.25"
2013-09-10,"1,356.38"
2013-09-11,"1,358.38"
2013-09-12,"1,397.38"
2013-09-13,"1,381.88"
2013-09-16,"1,348.38"
2013-09-17,"1,341.75"
2013-09-18,"1,347.88"
2013-09-19,"1,340.00"
2013-09-20,"1,316.13"
2013-09-23,"1,308.13"
2013-09-24,"1,312.25"
2013-09-25,"1,321.88"
2013-09-26,"1,317.38"
2013-09-27,"1,320.25"
2013-09-30,"1,281.38"
2013-10-01,"1,268.63"
2013-10-02,"1,274.50"
2013-10-03,"1,286.25"
2013-10-04,"1,296.13"
2013-10-07,"1,295.50"
2013-10-08,"1,288.88"
2013-10-09,"1,286.75"
2013-10-10,"1,287.38"
2013-10-11,"1,267.88"
2013-10-14,"1,271.63"
2013-10-15,"1,266.75"
2013-10-16,"1,277.75"
2013-10-17,"1,291.63"
2013-10-18,"1,290.63"
2013-10-21,"1,302.13"
2013-10-22,"1,300.50"
2013-10-23,"1,308.63"
2013-10-24,"1,309.63"
2013-10-25,"1,299.88"
2013-10-28,"1,267.38"
2013-10-29,"1,271.25"
2013-10-30,"1,275.63"
2013-10-31,"1,265.63"
2013-11-01,"1,252.38"
2013-11-04,"1,255.75"
2013-11-05,"1,250.75"
2013-11-06,"1,256.63"
2013-11-07,"1,267.13"
2013-11-08,"1,295.25"
2013-11-11,"1,299.88"
2013-11-12,"1,313.63"
2013-11-13,"1,314.50"
2013-11-14,"1,313.63"
2013-11-15,"1,279.63"
2013-11-18,"1,287.75"
2013-11-19,"1,279.13"
2013-11-20,"1,275.13"
2013-11-21,"1,292.38"
2013-11-22,"1,319.38"
2013-11-24,"1,319.38"
2013-11-25,"1,328.13"
2013-11-26,"1,328.88"
2013-11-27,"1,319.25"
2013-11-29,"1,337.00"
2013-12-02,"1,321.13"
2013-12-03,"1,319.25"
2013-12-04,"1,328.38"
2013-12-05,"1,328.38"
2013-12-06,"1,325.63"
2013-12-09,"1,343.50"
2013-12-10,"1,338.75"
2013-12-11,"1,343.88"
2013-12-12,"1,325.63"
2013-12-13,"1,327.13"
2013-12-16,"1,336.63"
2013-12-17,"1,344.63"
2013-12-18,"1,324.63"
2013-12-19,"1,327.50"
2013-12-20,"1,338.25"
2013-12-23,"1,328.38"
2013-12-24,"1,333.50"
2013-12-26,"1,319.75"
2013-12-27,"1,331.75"
2013-12-30,"1,308.88"
2013-12-31,"1,289.38"
2014-01-01,"1,289.38"
2014-01-02,"1,270.75"
2014-01-03,"1,271.75"
2014-01-06,"1,278.13"
2014-01-07,"1,274.50"
2014-01-08,"1,269.63"
2014-01-09,"1,274.00"
2014-01-10,"1,277.50"
2014-01-13,"1,294.75"
2014-01-14,"1,306.25"
2014-01-15,"1,317.88"
2014-01-16,"1,315.38"
2014-01-17,"1,316.63"
2014-01-21,"1,280.50"
2014-01-22,"1,280.25"
2014-01-23,"1,275.38"
2014-01-24,"1,286.00"
2014-01-27,"1,288.50"
2014-01-28,"1,285.00"
2014-01-29,"1,268.63"
2014-01-30,"1,275.63"
2014-01-31,"1,283.88"
2014-02-03,"1,291.88"
2014-02-04,"1,312.25"
2014-02-05,"1,315.88"
2014-02-06,"1,326.00"
2014-02-07,"1,331.13"
2014-02-10,"1,325.38"
2014-02-11,"1,336.50"
2014-02-12,"1,322.63"
2014-02-13,"1,342.25"
2014-02-14,"1,338.25"
2014-02-18,"1,361.38"
2014-02-19,"1,354.88"
2014-02-20,"1,359.00"
2014-02-21,"1,371.63"
2014-02-24,"1,374.00"
2014-02-25,"1,386.25"
2014-02-26,"1,397.38"
2014-02-27,"1,388.38"
2014-02-28,"1,414.13"
2014-03-03,"1,409.38"
2014-03-04,"1,422.63"
2014-03-05,"1,421.38"
2014-03-06,"1,437.25"
2014-03-07,"1,459.75"
2014-03-10,"1,418.50"
2014-03-11,"1,412.13"
2014-03-12,"1,387.75"
2014-03-13,"1,393.38"
2014-03-14,"1,389.75"
2014-03-17,"1,391.63"
2014-03-18,"1,418.63"
2014-03-19,"1,431.13"
2014-03-20,"1,434.00"
2014-03-21,"1,409.63"
2014-03-24,"1,425.75"
2014-03-25,"1,426.50"
2014-03-26,"1,441.13"
2014-03-27,"1,437.13"
2014-03-28,"1,435.88"
2014-03-31,"1,462.38"
2014-04-01,"1,482.88"
2014-04-02,"1,462.13"
2014-04-03,"1,473.75"
2014-04-04,"1,472.25"
2014-04-07,"1,463.00"
2014-04-08,"1,483.13"
2014-04-09,"1,495.00"
2014-04-10,"1,481.13"
2014-04-11,"1,463.75"
2014-04-14,"1,476.00"
2014-04-15,"1,501.00"
2014-04-16,"1,519.25"
2014-04-17,"1,516.00"
2014-04-21,"1,499.88"
2014-04-22,"1,480.75"
2014-04-23,"1,468.50"
2014-04-24,"1,472.63"
2014-04-25,"1,499.13"
2014-04-28,"1,498.63"
2014-04-29,"1,516.13"
2014-04-30,"1,511.38"
2014-05-01,"1,460.88"
2014-05-02,"1,471.13"
2014-05-05,"1,463.63"
2014-05-06,"1,459.25"
2014-05-07,"1,445.63"
2014-05-08,"1,469.00"
2014-05-09,"1,486.38"
2014-05-11,"1,486.38"
2014-05-12,"1,464.63"
2014-05-13,"1,484.38"
2014-05-14,"1,485.88"
2014-05-15,"1,468.38"
2014-05-16,"1,465.00"
2014-05-19,"1,483.13"
2014-05-20,"1,469.00"
2014-05-21,"1,506.38"
2014-05-22,"1,517.38"
2014-05-23,"1,516.13"
2014-05-27,"1,489.38"
2014-05-28,"1,497.25"
2014-05-29,"1,498.75"
2014-05-30,"1,491.13"
2014-06-02,"1,498.13"
2014-06-03,"1,481.25"
2014-06-04,"1,482.50"
2014-06-05,"1,461.00"
2014-06-06,"1,457.63"
2014-06-09,"1,456.25"
2014-06-10,"1,461.75"
2014-06-11,"1,445.38"
2014-06-12,"1,417.25"
2014-06-13,"1,425.88"
2014-06-16,"1,422.13"
2014-06-17,"1,398.38"
2014-06-18,"1,409.25"
2014-06-19,"1,420.50"
2014-06-20,"1,418.38"
2014-06-23,"1,365.13"
2014-06-24,"1,358.50"
2014-06-25,"1,361.50"
2014-06-26,"1,381.75"
2014-06-27,"1,376.50"
2014-06-30,"1,327.50"
2014-07-01,"1,327.50"
2014-07-02,"1,314.50"
2014-07-03,"1,298.38"
2014-07-06,"1,298.38"
2014-07-07,"1,274.38"
2014-07-08,"1,248.75"
2014-07-09,"1,245.88"
2014-07-10,"1,232.50"
2014-07-11,"1,196.38"
2014-07-14,"1,196.25"
2014-07-15,"1,181.38"
2014-07-16,"1,187.50"
2014-07-17,"1,173.13"
2014-07-18,"1,177.75"
2014-07-21,"1,177.25"
2014-07-22,"1,184.00"
2014-07-23,"1,200.75"
2014-07-24,"1,208.13"
2014-07-25,"1,211.63"
2014-07-28,"1,135.88"
2014-07-29,"1,122.38"
2014-07-30,"1,102.63"
2014-07-31,"1,098.13"
2014-08-01,"1,074.38"
2014-08-03,"1,074.38"
2014-08-04,"1,095.13"
2014-08-05,"1,080.63"
2014-08-06,"1,096.63"
2014-08-07,"1,098.88"
2014-08-08,"1,113.88"
2014-08-11,"1,108.00"
2014-08-12,"1,094.75"
2014-08-13,"1,079.50"
2014-08-14,"1,098.38"
2014-08-15,"1,102.50"
2014-08-18,"1,114.13"
2014-08-19,"1,118.75"
2014-08-20,"1,120.88"
2014-08-21,"1,136.25"
2014-08-22,"1,166.50"
2014-08-25,"1,029.00"
2014-08-26,"1,028.13"
2014-08-27,"1,023.13"
2014-08-28,"1,029.25"
2014-08-29,"1,024.25"
2014-09-02,"1,032.50"
2014-09-03,"1,020.13"
2014-09-04,"1,003.13"
2014-09-05,"1,020.50"
2014-09-08,"1,008.63"
2014-09-09,992.88
2014-09-10,993.88
2014-09-11,982
2014-09-12,984.75
2014-09-15,987.88
2014-09-16,981.75
2014-09-17,982.88
2014-09-18,971.38
2014-09-19,957.63
2014-09-22,938
2014-09-23,936.88
2014-09-24,936.63
2014-09-25,923.38
2014-09-26,910.63
2014-09-29,922.38
2014-09-30,912.38
2014-10-01,917.38
2014-10-02,925.38
2014-10-03,911.63
2014-10-06,941.63
2014-10-07,941.25
2014-10-08,934.63
2014-10-09,941.88
2014-10-10,923.13
2014-10-13,944.75
2014-10-14,965
2014-10-15,951.5
2014-10-16,967.38
2014-10-17,951.38
2014-10-20,945.38
2014-10-21,965.13
2014-10-22,961.63
2014-10-23,993.38
2014-10-24,978.38
2014-10-27,"1,011.38"
2014-10-28,"1,014.63"
2014-10-29,"1,050.25"
2014-10-30,"1,029.88"
2014-10-31,"1,043.13"
2014-11-03,"1,029.25"
2014-11-04,"1,010.13"
2014-11-05,"1,020.13"
2014-11-06,"1,027.88"
2014-11-07,"1,038.88"
2014-11-10,"1,024.13"
2014-11-11,"1,064.25"
2014-11-12,"1,048.75"
2014-11-13,"1,055.13"
2014-11-14,"1,021.88"
2014-11-17,"1,035.13"
2014-11-18,"1,024.00"
2014-11-19,"1,005.75"
2014-11-20,"1,021.75"
2014-11-21,"1,039.63"
2014-11-24,"1,035.00"
2014-11-25,"1,050.88"
2014-11-26,"1,047.88"
2014-11-27,"1,047.88"
2014-11-28,"1,014.13"
2014-11-30,"1,014.13"
2014-12-01,"1,018.13"
2014-12-02,995.63
2014-12-03,999
2014-12-04,"1,010.63"
2014-12-05,"1,038.63"
2014-12-07,"1,038.63"
2014-12-08,"1,044.13"
2014-12-09,"1,048.63"
2014-12-10,"1,031.88"
2014-12-11,"1,041.38"
2014-12-12,"1,047.50"
2014-12-14,"1,047.50"
2014-12-15,"1,037.25"
2014-12-16,"1,023.25"
2014-12-17,"1,026.25"
2014-12-18,"1,036.13"
2014-12-19,"1,030.38"
2014-12-21,"1,030.38"
2014-12-22,"1,036.75"
2014-12-23,"1,037.13"
2014-12-24,"1,028.63"
2014-12-26,"1,047.13"
2014-12-28,"1,053.50"
2014-12-29,"1,049.63"
2014-12-30,"1,042.63"
2014-12-31,"1,022.88"
2015-01-02,"1,007.13"
2015-01-05,"1,045.38"
2015-01-06,"1,056.25"
2015-01-07,"1,055.88"
2015-01-08,"1,047.88"
2015-01-09,"1,052.00"
2015-01-12,"1,016.38"
2015-01-13,"1,004.88"
2015-01-14,"1,011.00"
2015-01-15,991.88
2015-01-16,990.63
2015-01-20,982.38
2015-01-21,983.38
2015-01-22,977.63
2015-01-23,972.38
2015-01-26,983.88
2015-01-27,974.88
2015-01-28,970
2015-01-29,968.13
2015-01-30,961.63
2015-02-02,959.63
2015-02-03,985.38
2015-02-04,972.38
2015-02-05,981.25
2015-02-06,974
2015-02-09,979.13
2015-02-10,969.13
2015-02-11,977.88
2015-02-12,983.13
2015-02-13,990.13
2015-02-17,"1,008.13"
2015-02-18,996.5
2015-02-19,"1,006.88"
2015-02-20,999.88
2015-02-23,"1,000.13"
2015-02-24,"1,018.13"
2015-02-25,"1,011.38"
2015-02-26,"1,026.63"
2015-02-27,"1,030.38"
2015-03-02,"1,013.50"
2015-03-03,"1,013.13"
2015-03-04,995.63
2015-03-05,985.88
2015-03-06,985.38
2015-03-09,993.25
2015-03-10,984.13
2015-03-11,993.13
2015-03-12,991.63
2015-03-13,974.75
2015-03-16,969.25
2015-03-17,955.88
2015-03-18,964.13
2015-03-19,962.25
2015-03-20,972.75
2015-03-23,982.63
2015-03-24,982.38
2015-03-25,978.75
2015-03-26,974.5
2015-03-27,967.5
2015-03-30,969.13
2015-03-31,972.63
2015-04-01,989
2015-04-02,984.75
2015-04-06,978.88
2015-04-07,971.63
2015-04-08,972.13
2015-04-09,954.63
2015-04-10,951.88
2015-04-13,948.63
2015-04-14,960.13
2015-04-15,965.13
2015-04-16,964.88
2015-04-17,967.63
2015-04-20,977.38
2015-04-21,974.75
2015-04-22,971.13
2015-04-23,977.88
2015-04-24,969.13
2015-04-27,973.88
2015-04-28,977.5
2015-04-29,988.63
2015-04-30,977.13
2015-05-01,964.75
2015-05-04,977.13
2015-05-05,985
2015-05-06,982.88
2015-05-07,974.88
2015-05-08,975.13
2015-05-11,974.13
2015-05-12,956.38
2015-05-13,957.38
2015-05-14,957.63
2015-05-15,952.75
2015-05-18,954.88
2015-05-19,946.38
2015-05-20,940.88
2015-05-21,938
2015-05-22,924.88
2015-05-26,922.13
2015-05-27,927.13
2015-05-28,926.5
2015-05-29,934.38
2015-06-01,926.63
2015-06-02,940.38
2015-06-03,935.38
2015-06-04,946.38
2015-06-05,938.63
2015-06-08,944.88
2015-06-09,950.5
2015-06-10,949.38
2015-06-11,941.13
2015-06-12,939.5
2015-06-15,938.5
2015-06-16,958.25
2015-06-17,966.63
2015-06-18,976.75
2015-06-19,971.13
2015-06-22,989.25
2015-06-23,986.88
2015-06-24,981.88
2015-06-25,998.13
2015-06-26,999.63
2015-06-29,994.88
2015-06-30,"1,048.25"
2015-07-01,"1,040.63"
2015-07-02,"1,037.00"
2015-07-03,"1,037.00"
2015-07-06,"1,021.88"
2015-07-07,993.38
2015-07-08,994.75
2015-07-09,"1,025.88"
2015-07-10,"1,031.63"
2015-07-13,"1,038.38"
2015-07-14,"1,034.00"
2015-07-15,"1,025.88"
2015-07-16,"1,016.50"
2015-07-17,"1,014.25"
2015-07-20,"1,008.75"
2015-07-21,"1,019.00"
2015-07-22,"1,023.13"
2015-07-23,"1,010.00"
2015-07-24,990.88
2015-07-27,938
2015-07-28,955
2015-07-29,956.5
2015-07-30,965
2015-07-31,953.13
2015-08-03,944.75
2015-08-04,949.75
2015-08-05,963.38
2015-08-06,955.75
2015-08-07,976.88
2015-08-10,"1,009.13"
2015-08-11,981.38
2015-08-12,918.75
2015-08-13,937.63
2015-08-14,924.88
2015-08-17,926.63
2015-08-18,912.63
2015-08-19,904
2015-08-20,920.38
2015-08-21,906.38
2015-08-24,893.25
2015-08-25,893.75
2015-08-26,877.63
2015-08-27,885
2015-08-28,893
2015-08-31,887.13
2015-09-01,874.63
2015-09-02,873.63
2015-09-03,869.88
2015-09-04,866.38
2015-09-08,878.63
2015-09-09,872.13
2015-09-10,873.38
2015-09-11,874.38
2015-09-14,883.63
2015-09-15,888.63
2015-09-16,886.63
2015-09-17,884.38
2015-09-18,867.13
2015-09-21,873.63
2015-09-22,862.13
2015-09-23,863.63
2015-09-24,867.63
2015-09-25,888.88
2015-09-28,876.88
2015-09-29,883.75
2015-09-30,891.63
2015-10-01,877.38
2015-10-02,873.88
2015-10-05,883.63
2015-10-06,887.88
2015-10-07,890.75
2015-10-08,880.88
2015-10-09,884.88
2015-10-12,887.38
2015-10-13,912.88
2015-10-14,910.38
2015-10-15,905.25
2015-10-16,898.13
2015-10-19,890.88
2015-10-20,895.88
2015-10-21,904.88
2015-10-22,898.63
2015-10-23,895.13
2015-10-26,884.63
2015-10-27,891.13
2015-10-28,883.38
2015-10-29,880.13
2015-10-30,885.13
2015-11-02,878.63
2015-11-03,878.88
2015-11-04,884.63
2015-11-05,864.88
2015-11-06,867.13
2015-11-09,866.13
2015-11-10,856.13
2015-11-11,861.38
2015-11-12,862.88
2015-11-13,855.63
2015-11-16,859.13
2015-11-17,863.63
2015-11-18,858.13
2015-11-19,860.13
2015-11-20,858.13
2015-11-23,864.13
2015-11-24,863.13
2015-11-25,875.38
2015-11-27,873.88
2015-11-30,881.63
2015-12-01,889.25
2015-12-02,892.38
2015-12-03,896.63
2015-12-04,906.38
2015-12-07,882.63
2015-12-08,876.38
2015-12-09,876.38
2015-12-10,878.38
2015-12-11,870.88
2015-12-14,874.63
2015-12-15,866.63
2015-12-16,863.13
2015-12-17,877.13
2015-12-18,891.63
2015-12-21,890.88
2015-12-22,885.38
2015-12-23,881.63
2015-12-24,876.75
2015-12-27,874.25
2015-12-28,862.38
2015-12-29,865.38
2015-12-30,869.63
2015-12-31,863.63
2016-01-04,856.13
2016-01-05,857.13
2016-01-06,864.63
2016-01-07,864.38
2016-01-08,865.38
2016-01-11,861.13
2016-01-12,874.63
2016-01-13,879.88
2016-01-14,882.88
2016-01-15,878.38
2016-01-17,878.38
2016-01-19,883.63
2016-01-20,874.38
2016-01-21,878.88
2016-01-22,876.38
2016-01-25,880.38
2016-01-26,876.13
2016-01-27,883.38
2016-01-28,867.88
2016-01-29,882.38
2016-02-01,880.88
2016-02-02,886.38
2016-02-03,877.13
2016-02-04,874.25
2016-02-05,867.38
2016-02-08,862.88
2016-02-09,863.38
2016-02-10,861.88
2016-02-11,873.13
2016-02-12,872.63
2016-02-16,880.13
2016-02-17,882.25
2016-02-18,879.88
2016-02-19,878.38
2016-02-22,883.88
2016-02-23,873.12
2016-02-24,872.38
2016-02-25,865.62
2016-02-26,863.12
2016-02-29,861.12
2016-03-01,858.63
2016-03-02,861.38
2016-03-03,863.63
2016-03-04,878.38
2016-03-07,881.12
2016-03-08,884.38
2016-03-09,885.62
2016-03-10,888.88
2016-03-11,895.38
2016-03-14,896.13
2016-03-15,892.12
2016-03-16,894.62
2016-03-17,896.88
2016-03-18,897.38
2016-03-21,901.63
2016-03-22,910.62
2016-03-23,906.12
2016-03-24,910.38
2016-03-28,909.38
2016-03-29,915.88
2016-03-30,909.12
2016-03-31,912.62
2016-04-01,916.5
2016-04-04,913.38
2016-04-05,905.12
2016-04-06,908.38
2016-04-07,903.88
2016-04-08,916.12
2016-04-11,927.88
2016-04-12,934.62
2016-04-13,955.38
2016-04-14,949.62
2016-04-15,957.12
2016-04-18,953.38
2016-04-19,985.75
2016-04-20,"1,010.12"
2016-04-21,"1,020.12"
2016-04-22,985.38
2016-04-25,"1,010.88"
2016-04-26,"1,027.88"
2016-04-27,"1,028.88"
2016-04-28,"1,027.62"
2016-04-29,"1,029.88"
2016-05-02,"1,043.38"
2016-05-03,"1,029.88"
2016-05-04,"1,033.88"
2016-05-05,"1,011.88"
2016-05-06,"1,032.88"
2016-05-09,"1,026.62"
2016-05-10,"1,084.62"
2016-05-11,"1,077.00"
2016-05-12,"1,070.38"
2016-05-13,"1,064.88"
2016-05-16,"1,065.12"
2016-05-17,"1,079.88"
2016-05-18,"1,075.50"
2016-05-19,"1,070.62"
2016-05-20,"1,075.75"
2016-05-23,"1,059.38"
2016-05-24,"1,055.12"
2016-05-25,"1,084.50"
2016-05-26,"1,080.62"
2016-05-27,"1,085.88"
2016-05-31,"1,077.88"
2016-06-01,"1,098.62"
2016-06-02,"1,144.12"
2016-06-03,"1,131.75"
2016-06-06,"1,136.62"
2016-06-07,"1,142.50"
2016-06-08,"1,178.12"
2016-06-09,"1,176.62"
2016-06-10,"1,179.00"
2016-06-13,"1,168.88"
2016-06-14,"1,169.12"
2016-06-15,"1,156.38"
2016-06-16,"1,134.88"
2016-06-17,"1,159.25"
2016-06-20,"1,144.38"
2016-06-21,"1,132.62"
2016-06-22,"1,137.12"
2016-06-23,"1,124.00"
2016-06-24,"1,100.62"
2016-06-27,"1,128.75"
2016-06-28,"1,146.12"
2016-06-29,"1,139.62"
2016-06-30,"1,174.25"
2016-07-01,"1,164.12"
2016-07-05,"1,108.38"
2016-07-06,"1,098.38"
2016-07-07,"1,051.00"
2016-07-08,"1,082.38"
2016-07-11,"1,076.88"
2016-07-12,"1,101.00"
2016-07-13,"1,122.38"
2016-07-14,"1,082.88"
2016-07-15,"1,074.12"
2016-07-18,"1,078.88"
2016-07-19,"1,043.62"
2016-07-20,"1,026.62"
2016-07-21,"1,032.38"
2016-07-22,"1,006.88"
2016-07-25,976.12
2016-07-26,985.38
2016-07-27,999.25
2016-07-28,992.5
2016-07-29,"1,019.38"
2016-08-01,979.88
2016-08-02,970.5
2016-08-03,973.5
2016-08-04,974.38
2016-08-05,987.75
2016-08-08,"1,000.38"
2016-08-09,"1,005.38"
2016-08-10,998.25
2016-08-11,"1,001.88"
2016-08-12,998
2016-08-15,"1,024.00"
2016-08-16,"1,019.38"
2016-08-17,"1,030.12"
2016-08-18,"1,033.00"
2016-08-19,"1,026.50"
2016-08-22,"1,034.25"
2016-08-23,"1,034.12"
2016-08-24,"1,030.88"
2016-08-25,998.75
2016-08-26,990.5
2016-08-30,949.38
2016-08-31,941.88
2016-09-01,944.62
2016-09-02,951.38
2016-09-06,959.88
2016-09-07,974.88
2016-09-08,976.38
2016-09-09,981.38
2016-09-12,965.12
2016-09-13,944.88
2016-09-14,942.62
2016-09-15,951.12
2016-09-16,967.62
2016-09-19,970.88
2016-09-20,989.88
2016-09-21,975.12
2016-09-22,976.88
2016-09-23,955.88
2016-09-26,945.12
2016-09-27,952.12
2016-09-28,945.62
2016-09-29,950.62
2016-09-30,955.25
2016-10-03,973.62
2016-10-04,963.12
2016-10-05,957.38
2016-10-06,958.38
2016-10-07,957.25
2016-10-10,954.88
2016-10-11,954.62
2016-10-12,945.62
2016-10-13,956.25
2016-10-14,961.62
2016-10-17,977.12
2016-10-18,972.12
2016-10-19,980.62
2016-10-20,975.62
2016-10-21,981.62
2016-10-24,992.38
2016-10-25,990.88
2016-10-26,"1,009.12"
2016-10-27,"1,014.12"
2016-10-28,"1,001.62"
2016-10-31,"1,011.88"
2016-11-01,993.12
2016-11-02,986.25
2016-11-03,989.62
2016-11-04,990.38
2016-11-07,998.62
2016-11-08,"1,012.12"
2016-11-09,990.62
2016-11-10,997.12
2016-11-11,986.75
2016-11-14,984
2016-11-15,988.88
2016-11-16,985.38
2016-11-17,990.12
2016-11-18,993.12
2016-11-21,"1,019.00"
2016-11-22,"1,029.38"
2016-11-23,"1,034.62"
2016-11-25,"1,045.38"
2016-11-28,"1,056.25"
2016-11-29,"1,041.88"
2016-11-30,"1,033.75"
2016-12-01,"1,029.50"
2016-12-02,"1,031.62"
2016-12-05,"1,044.00"
2016-12-06,"1,047.62"
2016-12-07,"1,048.62"
2016-12-08,"1,027.62"
2016-12-09,"1,036.25"
2016-12-12,"1,030.75"
2016-12-13,"1,027.62"
2016-12-14,"1,023.38"
2016-12-15,"1,028.62"
2016-12-16,"1,035.38"
2016-12-19,"1,022.38"
2016-12-20,"1,005.50"
2016-12-21,"1,005.88"
2016-12-22,994.62
2016-12-23,989.88
2016-12-27,"1,023.60"
2016-12-28,"1,016.40"
2016-12-29,"1,012.10"
2016-12-30,"1,005.10"
2017-01-03,996.4
2017-01-04,"1,014.10"
2017-01-05,"1,012.40"
2017-01-06,995.4
2017-01-09,"1,004.90"
2017-01-10,"1,013.20"
2017-01-11,"1,010.10"
2017-01-12,"1,039.60"
2017-01-13,"1,044.20"
2017-01-17,"1,067.60"
2017-01-18,"1,074.10"
2017-01-19,"1,069.60"
2017-01-20,"1,067.40"
2017-01-23,"1,059.90"
2017-01-24,"1,058.90"
2017-01-25,"1,056.50"
2017-01-26,"1,048.40"
2017-01-27,"1,049.40"
2017-01-30,"1,022.60"
2017-01-31,"1,024.60"
2017-02-01,"1,037.00"
2017-02-02,"1,036.40"
2017-02-03,"1,026.60"
2017-02-06,"1,037.60"
2017-02-07,"1,041.60"
2017-02-08,"1,058.40"
2017-02-09,"1,050.00"
2017-02-10,"1,058.10"
2017-02-13,"1,055.60"
2017-02-14,"1,045.40"
2017-02-15,"1,061.10"
2017-02-16,"1,043.70"
2017-02-17,"1,034.90"
2017-02-21,"1,026.70"
2017-02-22,"1,022.90"
2017-02-23,"1,013.70"
2017-02-24,"1,013.90"
2017-02-27,"1,021.88"
2017-02-28,"1,036.38"
2017-03-01,"1,051.38"
2017-03-02,"1,036.62"
2017-03-03,"1,036.88"
2017-03-06,"1,037.38"
2017-03-07,"1,025.88"
2017-03-08,"1,021.88"
2017-03-09,"1,010.88"
2017-03-10,"1,006.62"
2017-03-13,"1,006.12"
2017-03-14,999.12
2017-03-15,997.88
2017-03-16,"1,000.88"
2017-03-17,"1,000.12"
2017-03-20,999.88
2017-03-21,"1,001.88"
2017-03-22,999.38
2017-03-23,990.62
2017-03-24,975.62
2017-03-27,971.38
2017-03-28,971.88
2017-03-29,968.62
2017-03-30,962.88
2017-03-31,945.88
2017-04-03,937.62
2017-04-04,937.62
2017-04-05,943.62
2017-04-06,940.88
2017-04-07,942.38
2017-04-10,941.88
2017-04-11,940.12
2017-04-12,947.62
2017-04-13,955.62
2017-04-17,953.12
2017-04-18,945.62
2017-04-19,951.12
2017-04-20,946.62
2017-04-21,950.88
2017-04-24,971.88
2017-04-25,965.38
2017-04-26,956.75
2017-04-27,957.62
2017-04-28,957.12
2017-05-01,970.62
2017-05-02,969.12
2017-05-03,974.88
2017-05-04,973.38
2017-05-05,973.12
2017-05-08,965.62
2017-05-09,973.88
2017-05-10,969.25
2017-05-11,966.12
2017-05-12,962.88
2017-05-15,965.12
2017-05-16,976.38
2017-05-17,975.88
2017-05-18,944.62
2017-05-19,953.12
2017-05-22,956.38
2017-05-23,948.38
2017-05-24,948.12
2017-05-25,939.38
2017-05-26,926.38
2017-05-30,912.62
2017-05-31,915.88
2017-06-01,911.88
2017-06-02,920.62
2017-06-05,921.62
2017-06-06,923.12
2017-06-07,930.88
2017-06-08,937.88
2017-06-09,941.38
2017-06-12,930.88
2017-06-13,932.88
2017-06-14,931.88
2017-06-15,934.62
2017-06-16,939.38
2017-06-19,937.62
2017-06-20,927.62
2017-06-21,918.88
2017-06-22,903.88
2017-06-23,904.38
2017-06-26,911.88
2017-06-27,915.88
2017-06-28,918.62
2017-06-29,920.62
2017-06-30,948.38
2017-07-03,971.88
2017-07-05,982.38
2017-07-06,986.62
2017-07-07,"1,001.12"
2017-07-10,"1,024.88"
2017-07-11,"1,029.38"
2017-07-12,"1,020.62"
2017-07-13,975.12
2017-07-14,988.62
2017-07-17,985.62
2017-07-18,989.62
2017-07-19,999.88
2017-07-20,"1,012.88"
2017-07-21,"1,009.38"
2017-07-24,997.88
2017-07-25,981.12
2017-07-26,988.88
2017-07-27,994.88
2017-07-28,"1,000.12"
2017-07-31,998.38
2017-08-01,964.12
2017-08-02,970.38
2017-08-03,953.38
2017-08-04,951.75
2017-08-07,963.62
2017-08-08,966.38
2017-08-09,965.38
2017-08-10,933.62
2017-08-11,938.12
2017-08-14,933.12
2017-08-15,921.88
2017-08-16,921.88
2017-08-17,930.12
2017-08-18,937.38
2017-08-21,932.38
2017-08-22,933.62
2017-08-23,935.38
2017-08-24,941.12
2017-08-25,939.12
2017-08-28,941.62
2017-08-29,937.62
2017-08-30,933.62
2017-08-31,946.62
2017-09-01,948.88
2017-09-05,967.88
2017-09-06,970.75
2017-09-07,968.62
2017-09-08,961.88
2017-09-11,960.38
2017-09-12,950.62
2017-09-13,960.62
2017-09-14,976.38
2017-09-15,968.88
2017-09-18,967.38
2017-09-19,965.62
2017-09-20,970.12
2017-09-21,970.88
2017-09-22,984.38
2017-09-25,971.38
2017-09-26,963.38
2017-09-27,965.12
2017-09-28,959.62
2017-09-29,966.88
2017-10-02,957.12
2017-10-03,955.12
2017-10-04,958.38
2017-10-05,968.12
2017-10-06,972.38
2017-10-09,966.62
2017-10-10,965.88
2017-10-11,965.38
2017-10-12,992.12
2017-10-13,999.38
2017-10-16,990.38
2017-10-17,984.38
2017-10-18,984.12
2017-10-19,986.62
2017-10-20,978.62
2017-10-23,980.62
2017-10-24,975.38
2017-10-25,975.62
2017-10-26,970.62
2017-10-27,974.62
2017-10-30,984.38
2017-10-31,984.62
2017-11-01,991.38
2017-11-02,999.12
2017-11-03,987.38
2017-11-06,993.88
2017-11-07,996.12
2017-11-08,998.38
2017-11-09,984.88
2017-11-10,987.12
2017-11-13,974.38
2017-11-14,967.62
2017-11-15,976.12
2017-11-16,972.12
2017-11-17,990.62
2017-11-20,989.88
2017-11-21,989.38
2017-11-22,997.38
2017-11-24,993.12
2017-11-27,996.38
2017-11-28,992.88
2017-11-29,992.62
2017-11-30,985.62
2017-12-01,994.38
2017-12-04,998.62
2017-12-05,"1,008.38"
2017-12-06,"1,003.12"
2017-12-07,992.12
2017-12-08,989.38
2017-12-11,982.38
2017-12-12,975.88
2017-12-13,979.62
2017-12-14,967.62
2017-12-15,967.38
2017-12-18,961.62
2017-12-19,955.88
2017-12-20,954.12
2017-12-21,948.38
2017-12-22,950.1
2017-12-26,969.25
2017-12-27,966.25
2017-12-28,956.5
2017-12-29,962.5
2018-01-02,965.5
2018-01-03,969
2018-01-04,967.25
2018-01-05,969.75
2018-01-08,967
2018-01-09,963.25
2018-01-10,954.5
2018-01-11,949
2018-01-12,962.5
2018-01-16,966.75
2018-01-17,969.25
2018-01-18,972.5
2018-01-19,975.5
2018-01-22,983.25
2018-01-23,985.75
2018-01-24,990.25
2018-01-25,991.25
2018-01-26,986
2018-01-29,991.25
2018-01-30,999.5
2018-01-31,996.75
2018-02-01,984.75
2018-02-02,978.5
2018-02-04,978.5
2018-02-05,970.25
2018-02-06,987
2018-02-07,984
2018-02-08,987.5
2018-02-09,984
2018-02-12,"1,001.25"
2018-02-13,"1,010.75"
2018-02-14,"1,017.00"
2018-02-15,"1,024.00"
2018-02-16,"1,021.25"
2018-02-18,"1,021.25"
2018-02-19,"1,021.25"
2018-02-20,"1,025.75"
2018-02-21,"1,034.00"
2018-02-22,"1,031.50"
2018-02-23,"1,037.00"
2018-02-26,"1,046.25"
2018-02-27,"1,049.00"
2018-02-28,"1,055.00"
2018-03-01,"1,067.50"
2018-03-02,"1,070.00"
2018-03-05,"1,076.75"
2018-03-06,"1,074.75"
2018-03-07,"1,063.50"
2018-03-08,"1,062.00"
2018-03-09,"1,036.75"
2018-03-12,"1,041.50"
2018-03-13,"1,048.50"
2018-03-14,"1,031.00"
2018-03-15,"1,041.00"
2018-03-16,"1,047.75"
2018-03-19,"1,022.75"
2018-03-20,"1,027.75"
2018-03-21,"1,029.75"
2018-03-22,"1,029.00"
2018-03-23,"1,027.75"
2018-03-26,"1,027.25"
2018-03-27,"1,019.00"
2018-03-28,"1,019.75"
2018-03-29,"1,044.75"
2018-04-02,"1,036.50"
2018-04-03,"1,038.75"
2018-04-04,"1,015.25"
2018-04-05,"1,008.50"
2018-04-06,"1,034.75"
2018-04-09,"1,046.75"
2018-04-10,"1,050.50"
2018-04-11,"1,047.75"
2018-04-12,"1,060.50"
2018-04-13,"1,052.25"
2018-04-16,"1,042.75"
2018-04-17,"1,046.00"
2018-04-18,"1,041.75"
2018-04-19,"1,036.75"
2018-04-20,"1,029.50"
2018-04-22,"1,029.50"
2018-04-23,"1,020.75"
2018-04-24,"1,022.75"
2018-04-25,"1,028.25"
2018-04-26,"1,028.00"
2018-04-27,"1,045.50"
2018-04-30,"1,049.00"
2018-05-01,"1,054.75"
2018-05-02,"1,042.50"
2018-05-03,"1,049.75"
2018-05-04,"1,036.50"
2018-05-06,"1,035.00"
2018-05-07,"1,013.50"
2018-05-08,"1,020.25"
2018-05-09,"1,018.00"
2018-05-10,"1,021.25"
2018-05-11,"1,002.00"
2018-05-14,"1,017.25"
2018-05-15,"1,018.00"
2018-05-16,"1,000.75"
2018-05-17,997.25
2018-05-18,998
2018-05-20,998
2018-05-21,"1,022.75"
2018-05-22,"1,030.25"
2018-05-23,"1,039.25"
2018-05-24,"1,035.75"
2018-05-25,"1,042.00"
2018-05-28,"1,045.75"
2018-05-29,"1,029.25"
2018-05-30,"1,024.00"
2018-05-31,"1,021.50"
2018-06-01,"1,024.25"
2018-06-04,"1,002.25"
2018-06-05,"1,004.50"
